{"cameraMode":{"drawMode":0,"name":"Shaded","section":"Shading Mode"},"sceneLighting":false,"audioPlay":false,"sceneViewState":{"showFog":true,"showMaterialUpdate":false,"showSkybox":false,"showFlares":true,"showImageEffects":true,"showParticleSystems":true},"in2DMode":false,"pivot":{"x":-10.300140380859375,"y":13.073026657104493,"z":-0.00013780593872070313},"rotation":{"x":-0.0012398220133036376,"y":0.9760326743125916,"z":-0.21755240857601167,"w":-0.0055626025423407558},"size":4.432539463043213,"orthographic":false}