{"cameraMode":{"drawMode":0,"name":"Shaded","section":"Shading Mode"},"sceneLighting":true,"audioPlay":false,"sceneViewState":{"showFog":true,"showMaterialUpdate":false,"showSkybox":true,"showFlares":true,"showImageEffects":true,"showParticleSystems":true},"in2DMode":false,"pivot":{"x":2.8422622680664064,"y":3.1686248779296877,"z":-4.313301086425781},"rotation":{"x":-0.03201497718691826,"y":0.9652419686317444,"z":-0.21666736900806428,"w":-0.1426243931055069},"size":17.081012725830079,"orthographic":false}